mock_sys_test,Sanity,Verify that Upload of a file works fine,Pass,2020-01-31 16:53:16.540544,PRSUBRAMA-LT
mock_sys_test,Sanity,Verify that list operation of files works fine,Pass,2020-01-31 16:53:48.150440,PRSUBRAMA-LT
mock_sys_test,Sanity,Verify that Download of a file works fine,Pass,2020-01-31 16:53:51.122993,PRSUBRAMA-LT
mock_sys_test,Sanity,Verify that delete operation works fine,Pass,2020-01-31 16:53:56.358624,PRSUBRAMA-LT
mock_sys_test,Sanity__526ec12f5a4379db6883fda443e5b23f50c91706,Verify that Upload of a file works fine,Pass,2020-02-01 20:49:05.040934,PRSUBRAMA-LT
mock_sys_test,Sanity__526ec12f5a4379db6883fda443e5b23f50c91706,Verify that list operation of files works fine,Pass,2020-02-01 20:49:08.692888,PRSUBRAMA-LT
mock_sys_test,Sanity__526ec12f5a4379db6883fda443e5b23f50c91706,Verify that Download of a file works fine,Pass,2020-02-01 20:49:10.472811,PRSUBRAMA-LT
mock_sys_test,Sanity__526ec12f5a4379db6883fda443e5b23f50c91706,Verify that delete operation works fine,Pass,2020-02-01 20:49:12.191058,PRSUBRAMA-LT
